{
  "lookahead_8": 0.776860676704382,
  "lookahead_9": 0.7792593762264002,
  "lookahead_10": 0.7812813892960548
}