{
  "lookahead_3": 0.7479224372655153,
  "lookahead_4": 0.758576706983149,
  "lookahead_5": 0.7654469748958945,
  "lookahead_6": 0.7702738745138049
}